id,title,thumbnail,duration,compiled,uploaded,file,url
18lwgrm,What is your special cooking secrets that few people know?,C:\Development\PWS_PROJECT\YoutubeBot_V3\videos\18lwgrm_What_is_your_special_cooking_secrets_that_few_peop\thumbnail_0.png,59.36,False,False,videos\18lwgrm_What_is_your_special_cooking_secrets_that_few_peop\final.mp4,http://reddit.com/r/AskReddit/comments/18lwgrm/what_is_your_special_cooking_secrets_that_few/
18lo618,What is extremely rare but people think it's very common?,C:\Development\PWS_PROJECT\YoutubeBot_V3\videos\18lo618_What_is_extremely_rare_but_people_think_its_very_c\thumbnail_0.png,59.55,False,False,videos\18lo618_What_is_extremely_rare_but_people_think_its_very_c\final.mp4,http://reddit.com/r/AskReddit/comments/18lo618/what_is_extremely_rare_but_people_think_its_very/
18lnmmq,What is the lowest probability event you have personally witnessed?,C:\Development\PWS_PROJECT\YoutubeBot_V3\videos\18lnmmq_What_is_the_lowest_probability_event_you_have_pers\thumbnail_0.png,49.72,False,False,videos\18lnmmq_What_is_the_lowest_probability_event_you_have_pers\final.mp4,http://reddit.com/r/AskReddit/comments/18lnmmq/what_is_the_lowest_probability_event_you_have/
18lif7n,What do you think is gonna disappear in 10 years?,C:\Development\PWS_PROJECT\YoutubeBot_V3\videos\18lif7n_What_do_you_think_is_gonna_disappear_in_10_years\thumbnail_0.png,57.10000000000001,False,False,videos\18lif7n_What_do_you_think_is_gonna_disappear_in_10_years\final.mp4,http://reddit.com/r/AskReddit/comments/18lif7n/what_do_you_think_is_gonna_disappear_in_10_years/
18lazx0,What car brand you would never buy?,C:\Development\PWS_PROJECT\YoutubeBot_V3\videos\18lazx0_What_car_brand_you_would_never_buy\thumbnail_0.png,43.71,False,False,videos\18lazx0_What_car_brand_you_would_never_buy\final.mp4,http://reddit.com/r/AskReddit/comments/18lazx0/what_car_brand_you_would_never_buy/
18l5az5,What happend to the girl that got pregnant in your high school?,C:\Development\PWS_PROJECT\YoutubeBot_V3\videos\18l5az5_What_happend_to_the_girl_that_got_pregnant_in_your\thumbnail_0.png,51.74,False,False,videos\18l5az5_What_happend_to_the_girl_that_got_pregnant_in_your\final.mp4,http://reddit.com/r/AskReddit/comments/18l5az5/what_happend_to_the_girl_that_got_pregnant_in/
18mhcm2,What  poor people food  was taken over by rich people?,C:\Development\PWS_PROJECT\YoutubeBot_V3\videos\18mhcm2_What_poor_people_food_was_taken_over_by_rich_peopl\thumbnail_0.png,168.14,False,False,videos\18mhcm2_What_poor_people_food_was_taken_over_by_rich_peopl\final.mp4,http://reddit.com/r/AskReddit/comments/18mhcm2/what_poor_people_food_was_taken_over_by_rich/
18g1z0p,What is a good thing happening in the US right now that people aren’t aware of?,C:\Development\PWS_PROJECT\YoutubeBot_V3\videos\18g1z0p_What_is_a_good_thing_happening_in_the_US_right_now\thumbnail_0.png,174.82000000000002,False,False,videos\18g1z0p_What_is_a_good_thing_happening_in_the_US_right_now\final.mp4,http://reddit.com/r/AskReddit/comments/18g1z0p/what_is_a_good_thing_happening_in_the_us_right/
18egdot,What treasures that we 100  know existed still haven’t been found?,C:\Development\PWS_PROJECT\YoutubeBot_V3\videos\18egdot_What_treasures_that_we_100_know_existed_still_have\thumbnail_0.png,145.17999999999998,false,false,videos\18egdot_What_treasures_that_we_100_know_existed_still_have\final.mp4,http://reddit.com/r/AskReddit/comments/18egdot/what_treasures_that_we_100_know_existed_still/
